{
    "LAMBDA_PHI": 2.6180339887,
    "GAMMA_ENV": 0.001,
    "TORSION_CRIT": 0.6180339887,
    "FQC_TARGET": 1.0,
    "COMPACT_RADIUS": 1e-18,
    "PLANCK_LENGTH": 1.616255e-35,
    "C_LIGHT": 299792458
}
